{"minzoom":0,"maxzoom":9,"center":[102.304688,5.965642,9.0],"bounds":[99.642387,0.853761,119.271591,7.384849]}