{"minzoom":0,"maxzoom":8,"center":[101.953125,3.513157,8.0],"bounds":[99.642387,0.853761,119.271591,7.384849]}